datasales;kod;kolichestvo
2022-01-02;00000003;1.0
2022-01-02;ЦБ018178;0.0
2022-01-03;00000003;4.0
2022-01-03;ЦБ000712;1.0
2022-01-03;ЦБ001557;4.0
2022-01-03;ЦБ001559;4.0
2022-01-03;ЦБ004272;2.0
2022-01-03;ЦБ004935;1.0
2022-01-03;ЦБ005368;2.0
2022-01-03;ЦБ005665;1.0
2022-01-03;ЦБ007244;2.0
2022-01-03;ЦБ007263;1.0
2022-01-03;ЦБ010010;4.0
2022-01-03;ЦБ010338;1.0
2022-01-03;ЦБ010792;2.0
2022-01-03;ЦБ011001;1.0
2022-01-03;ЦБ011603;1.0
2022-01-03;ЦБ012376;1.0
2022-01-03;ЦБ013984;1.0
2022-01-03;ЦБ015671;1.0
2022-01-03;ЦБ015672;1.0
2022-01-03;ЦБ015951;1.0
2022-01-03;ЦБ017542;1.0
2022-01-03;ЦБ020250;1.0
2022-01-03;ЦБ020565;1.0
2022-01-03;ЦБ020796;1.0
2022-01-03;ЦБ021419;1.0
2022-01-04;00000003;24.0
2022-01-04;00002888;1.0
2022-01-04;00002889;1.0
2022-01-04;ЦБ000707;3.0
2022-01-04;ЦБ001267;1.0
2022-01-04;ЦБ001551;4.0
2022-01-04;ЦБ001559;4.0
2022-01-04;ЦБ002304;1.0
2022-01-04;ЦБ004657;2.0
2022-01-04;ЦБ004924;1.0
2022-01-04;ЦБ005150;1.0
2022-01-04;ЦБ007244;1.0
2022-01-04;ЦБ007266;2.0
2022-01-04;ЦБ010010;4.0
2022-01-04;ЦБ010136;1.0
2022-01-04;ЦБ010478;2.0
2022-01-04;ЦБ011386;4.0
2022-01-04;ЦБ011559;1.0
2022-01-04;ЦБ011659;1.0
2022-01-04;ЦБ013194;1.0
2022-01-04;ЦБ013980;2.0
2022-01-04;ЦБ013984;1.0
2022-01-04;ЦБ015954;2.0
2022-01-04;ЦБ015985;2.0
2022-01-04;ЦБ016388;1.0
2022-01-04;ЦБ017060;1.0
2022-01-04;ЦБ017436;1.0
2022-01-04;ЦБ017792;1.0
2022-01-04;ЦБ017963;2.0
2022-01-04;ЦБ018091;2.0
2022-01-04;ЦБ018266;1.0
2022-01-04;ЦБ018414;1.0
2022-01-04;ЦБ018722;1.0
2022-01-04;ЦБ018754;1.0
2022-01-04;ЦБ019802;1.0
2022-01-04;ЦБ019962;1.0
2022-01-04;ЦБ020250;1.0
2022-01-04;ЦБ020283;1.0
2022-01-04;ЦБ020895;1.0
2022-01-04;ЦБ021651;1.0
2022-01-04;ЦБ021967;1.0
2022-01-04;ЦБ022053;1.0
2022-01-04;ЦБ022232;1.0
2022-01-04;ЦБ022374;16.0
2022-01-04;ЦБ022606;1.0
2022-01-04;ЦБ022817;1.0
2022-01-04;ЦБ023141;2.0
2022-01-05;00000003;39.0
2022-01-05;ЦБ001267;1.0
2022-01-05;ЦБ001557;1.0
2022-01-05;ЦБ002300;1.0
2022-01-05;ЦБ002304;1.0
2022-01-05;ЦБ003024;1.0
2022-01-05;ЦБ004272;1.0
2022-01-05;ЦБ005150;1.0
2022-01-05;ЦБ005368;4.0
2022-01-05;ЦБ007190;1.0
2022-01-05;ЦБ007208;1.0
2022-01-05;ЦБ007244;2.0
2022-01-05;ЦБ007458;2.0
2022-01-05;ЦБ008650;5.0
2022-01-05;ЦБ009264;1.0
2022-01-05;ЦБ009380;2.0
2022-01-05;ЦБ010946;1.0
2022-01-05;ЦБ011091;5.0
2022-01-05;ЦБ011127;1.0
2022-01-05;ЦБ011221;1.0
2022-01-05;ЦБ011227;4.0
2022-01-05;ЦБ011392;3.0
2022-01-05;ЦБ012376;12.0
2022-01-05;ЦБ012464;1.0
2022-01-05;ЦБ013316;1.0
2022-01-05;ЦБ013984;1.0
2022-01-05;ЦБ014840;1.0
2022-01-05;ЦБ015703;1.0
2022-01-05;ЦБ015749;1.0
2022-01-05;ЦБ016605;1.0
2022-01-05;ЦБ018346;1.0
2022-01-05;ЦБ018400;1.0
2022-01-05;ЦБ018404;1.0
2022-01-05;ЦБ018656;1.0
2022-01-05;ЦБ018689;1.0
2022-01-05;ЦБ018737;1.0
2022-01-05;ЦБ018742;1.0
2022-01-05;ЦБ018748;2.0
2022-01-05;ЦБ018754;1.0
2022-01-05;ЦБ019310;1.0
2022-01-05;ЦБ019326;3.0
2022-01-05;ЦБ020977;1.0
2022-01-05;ЦБ021107;1.0
2022-01-05;ЦБ021335;1.0
2022-01-05;ЦБ021366;1.0
2022-01-05;ЦБ021714;1.0
2022-01-05;ЦБ022417;1.0
2022-01-05;ЦБ023542;1.0
2022-01-05;ЦБ023548;1.0
2022-01-06;00000003;21.0
2022-01-06;ЦБ001556;1.0
2022-01-06;ЦБ001557;1.0
2022-01-06;ЦБ001559;12.0
2022-01-06;ЦБ004758;1.0
2022-01-06;ЦБ004924;2.0
2022-01-06;ЦБ005541;1.0
2022-01-06;ЦБ008027;1.0
2022-01-06;ЦБ008886;1.0
2022-01-06;ЦБ009169;1.0
2022-01-06;ЦБ009380;2.0
2022-01-06;ЦБ010329;6.0
2022-01-06;ЦБ011049;1.0
2022-01-06;ЦБ011227;1.0
2022-01-06;ЦБ012333;1.0
2022-01-06;ЦБ012747;3.0
2022-01-06;ЦБ012950;1.0
2022-01-06;ЦБ013065;1.0
2022-01-06;ЦБ013535;1.0
2022-01-06;ЦБ015703;1.0
2022-01-06;ЦБ016535;3.0
2022-01-06;ЦБ016923;1.0
2022-01-06;ЦБ018689;1.0
2022-01-06;ЦБ018724;1.0
2022-01-06;ЦБ018753;1.0
2022-01-06;ЦБ020364;1.0
2022-01-06;ЦБ021157;1.0
2022-01-06;ЦБ021448;1.0
2022-01-06;ЦБ021507;4.0
2022-01-06;ЦБ021946;1.0
2022-01-06;ЦБ022036;1.0
2022-01-06;ЦБ022657;1.0
2022-01-06;ЦБ022913;1.0
2022-01-07;00000003;16.0
2022-01-07;ЦБ001329;1.0
2022-01-07;ЦБ002300;1.0
2022-01-07;ЦБ002761;2.0
2022-01-07;ЦБ002762;2.0
2022-01-07;ЦБ003385;1.0
2022-01-07;ЦБ004070;2.0
2022-01-07;ЦБ004744;2.0
2022-01-07;ЦБ006565;1.0
2022-01-07;ЦБ006828;1.0
2022-01-07;ЦБ006829;1.0
2022-01-07;ЦБ007229;2.0
2022-01-07;ЦБ009643;1.0
2022-01-07;ЦБ009655;6.0
2022-01-07;ЦБ010590;2.0
2022-01-07;ЦБ012333;2.0
2022-01-07;ЦБ014481;1.0
2022-01-07;ЦБ015658;1.0
2022-01-07;ЦБ017575;1.0
2022-01-07;ЦБ018759;1.0
2022-01-07;ЦБ019014;1.0
2022-01-07;ЦБ020344;5.0
2022-01-07;ЦБ020786;1.0
2022-01-08;00000003;37.0
2022-01-08;ЦБ000712;4.0
2022-01-08;ЦБ000817;1.0
2022-01-08;ЦБ000866;1.0
2022-01-08;ЦБ001267;1.0
2022-01-08;ЦБ001980;1.0
2022-01-08;ЦБ002364;1.0
2022-01-08;ЦБ002365;1.0
2022-01-08;ЦБ002553;1.0
2022-01-08;ЦБ002896;1.0
2022-01-08;ЦБ003474;1.0
2022-01-08;ЦБ003475;1.0
2022-01-08;ЦБ003582;4.0
2022-01-08;ЦБ003583;4.0
2022-01-08;ЦБ004924;2.0
2022-01-08;ЦБ005368;2.0
2022-01-08;ЦБ006240;2.0
2022-01-08;ЦБ007244;2.0
2022-01-08;ЦБ009220;2.0
2022-01-08;ЦБ009618;4.0
2022-01-08;ЦБ010094;1.0
2022-01-08;ЦБ010452;1.0
2022-01-08;ЦБ011385;4.0
2022-01-08;ЦБ012376;7.0
2022-01-08;ЦБ012456;1.0
2022-01-08;ЦБ013013;3.0
2022-01-08;ЦБ013535;2.0
2022-01-08;ЦБ013769;1.0
2022-01-08;ЦБ015703;1.0
2022-01-08;ЦБ015905;1.0
2022-01-08;ЦБ018346;1.0
2022-01-08;ЦБ018724;1.0
2022-01-08;ЦБ018741;1.0
2022-01-08;ЦБ018753;1.0
2022-01-08;ЦБ019539;1.0
2022-01-08;ЦБ019582;1.0
2022-01-08;ЦБ020057;1.0
2022-01-08;ЦБ020130;2.0
2022-01-08;ЦБ020131;1.0
2022-01-08;ЦБ020441;1.0
2022-01-08;ЦБ020763;1.0
2022-01-08;ЦБ020767;1.0
2022-01-08;ЦБ020783;1.0
2022-01-08;ЦБ021084;1.0
2022-01-08;ЦБ021224;2.0
2022-01-08;ЦБ021412;1.0
2022-01-08;ЦБ022787;1.0
2022-01-08;ЦБ022876;2.0
2022-01-08;ЦБ023142;2.0
2022-01-08;ЦБ023339;1.0
2022-01-08;ЦБ023346;3.0
2022-01-08;ЦБ023592;2.0
2022-01-09;00000003;10.0
2022-01-09;ЦБ002376;1.0
2022-01-09;ЦБ004335;1.0
2022-01-09;ЦБ004379;1.0
2022-01-09;ЦБ004490;1.0
2022-01-09;ЦБ005150;2.0
2022-01-09;ЦБ005368;3.0
2022-01-09;ЦБ006683;1.0
2022-01-09;ЦБ008961;1.0
2022-01-09;ЦБ009735;1.0
2022-01-09;ЦБ011091;2.0
2022-01-09;ЦБ011227;1.0
2022-01-09;ЦБ012333;1.0
2022-01-09;ЦБ012376;11.0
2022-01-09;ЦБ012853;1.0
2022-01-09;ЦБ017221;1.0
2022-01-09;ЦБ017716;1.0
2022-01-09;ЦБ018346;1.0
2022-01-09;ЦБ018356;1.0
2022-01-09;ЦБ018555;2.0
2022-01-09;ЦБ018727;1.0
2022-01-09;ЦБ018947;1.0
2022-01-09;ЦБ019493;1.0
2022-01-09;ЦБ019582;1.0
2022-01-09;ЦБ020598;1.0
2022-01-09;ЦБ020640;1.0
2022-01-09;ЦБ020732;1.0
2022-01-09;ЦБ021366;1.0
2022-01-09;ЦБ021563;1.0
2022-01-09;ЦБ022036;1.0
2022-01-09;ЦБ022303;1.0
2022-01-09;ЦБ022409;1.0
2022-01-09;ЦБ022610;1.0
2022-01-09;ЦБ023017;1.0
2022-01-09;ЦБ023169;2.0
2022-01-09;ЦБ023486;1.0
2022-01-10;00000003;41.0
2022-01-10;ЦБ001726;1.0
2022-01-10;ЦБ001735;1.0
2022-01-10;ЦБ002101;1.0
2022-01-10;ЦБ002365;2.0
2022-01-10;ЦБ002827;1.0
2022-01-10;ЦБ003127;1.0
2022-01-10;ЦБ005212;1.0
2022-01-10;ЦБ005882;1.0
2022-01-10;ЦБ006556;1.0
2022-01-10;ЦБ007244;1.0
2022-01-10;ЦБ009655;4.0
2022-01-10;ЦБ010063;1.0
2022-01-10;ЦБ010226;1.0
2022-01-10;ЦБ010233;1.0
2022-01-10;ЦБ010740;1.0
2022-01-10;ЦБ010754;1.0
2022-01-10;ЦБ011437;1.0
2022-01-10;ЦБ012333;1.0
2022-01-10;ЦБ012376;4.0
2022-01-10;ЦБ013194;1.0
2022-01-10;ЦБ013535;2.0
2022-01-10;ЦБ014699;1.0
2022-01-10;ЦБ016113;1.0
2022-01-10;ЦБ017802;1.0
2022-01-10;ЦБ017803;1.0
2022-01-10;ЦБ018278;1.0
2022-01-10;ЦБ018346;1.0
2022-01-10;ЦБ018725;1.0
2022-01-10;ЦБ018737;1.0
2022-01-10;ЦБ018748;1.0
2022-01-10;ЦБ019531;1.0
2022-01-10;ЦБ019723;1.0
2022-01-10;ЦБ019831;1.0
2022-01-10;ЦБ019963;1.0
2022-01-10;ЦБ020122;1.0
2022-01-10;ЦБ020467;2.0
2022-01-10;ЦБ020599;3.0
2022-01-10;ЦБ020732;1.0
2022-01-10;ЦБ021297;25.0
2022-01-10;ЦБ021626;1.0
2022-01-10;ЦБ021756;2.0
2022-01-10;ЦБ022692;2.0
2022-01-10;ЦБ023035;1.0
2022-01-10;ЦБ023311;1.0
2022-01-10;ЦБ023346;3.0
2022-01-10;ЦБ023494;1.0
2022-01-10;ЦБ023524;1.0
2022-01-11;00000003;27.0
2022-01-11;ЦБ001155;1.0
2022-01-11;ЦБ003311;1.0
2022-01-11;ЦБ004696;1.0
2022-01-11;ЦБ004924;4.0
2022-01-11;ЦБ005368;4.0
2022-01-11;ЦБ006208;2.0
2022-01-11;ЦБ006240;1.0
2022-01-11;ЦБ006565;1.0
2022-01-11;ЦБ007244;1.0
2022-01-11;ЦБ007390;2.0
2022-01-11;ЦБ009468;1.0
2022-01-11;ЦБ010906;1.0
2022-01-11;ЦБ011011;1.0
2022-01-11;ЦБ011174;1.0
2022-01-11;ЦБ011547;1.0
2022-01-11;ЦБ011878;1.0
2022-01-11;ЦБ012376;5.0
2022-01-11;ЦБ016416;1.0
2022-01-11;ЦБ017203;2.0
2022-01-11;ЦБ017575;1.0
2022-01-11;ЦБ017716;1.0
2022-01-11;ЦБ018122;1.0
2022-01-11;ЦБ018229;1.0
2022-01-11;ЦБ018299;1.0
2022-01-11;ЦБ018381;1.0
2022-01-11;ЦБ018724;1.0
2022-01-11;ЦБ018741;1.0
2022-01-11;ЦБ019409;1.0
2022-01-11;ЦБ020812;1.0
2022-01-11;ЦБ021170;1.0
2022-01-11;ЦБ021221;1.0
2022-01-11;ЦБ021319;1.0
2022-01-11;ЦБ021966;1.0
2022-01-11;ЦБ022096;1.0
2022-01-11;ЦБ023222;1.0
2022-01-12;00000003;44.0
2022-01-12;00002868;1.0
2022-01-12;00002894;1.0
2022-01-12;ЦБ002286;1.0
2022-01-12;ЦБ002691;4.0
2022-01-12;ЦБ002708;11.0
2022-01-12;ЦБ002714;9.0
2022-01-12;ЦБ002716;5.0
2022-01-12;ЦБ002791;5.0
2022-01-12;ЦБ002870;2.0
2022-01-12;ЦБ002886;1.0
2022-01-12;ЦБ003354;1.0
2022-01-12;ЦБ003852;1.0
2022-01-12;ЦБ004171;1.0
2022-01-12;ЦБ005109;1.0
2022-01-12;ЦБ005158;1.0
2022-01-12;ЦБ005585;1.0
2022-01-12;ЦБ006625;1.0
2022-01-12;ЦБ007387;1.0
2022-01-12;ЦБ007388;1.0
2022-01-12;ЦБ008285;1.0
2022-01-12;ЦБ008347;5.0
2022-01-12;ЦБ008949;2.0
2022-01-12;ЦБ009468;1.0
2022-01-12;ЦБ010417;2.0
2022-01-12;ЦБ010453;1.0
2022-01-12;ЦБ010671;4.0
2022-01-12;ЦБ010966;1.0
2022-01-12;ЦБ011091;1.0
2022-01-12;ЦБ011392;1.0
2022-01-12;ЦБ011878;2.0
2022-01-12;ЦБ012029;1.0
2022-01-12;ЦБ012333;3.0
2022-01-12;ЦБ012376;23.0
2022-01-12;ЦБ013067;1.0
2022-01-12;ЦБ013166;1.0
2022-01-12;ЦБ013517;1.0
2022-01-12;ЦБ013984;2.0
2022-01-12;ЦБ014659;2.0
2022-01-12;ЦБ015527;1.0
2022-01-12;ЦБ015847;4.0
2022-01-12;ЦБ016226;4.0
2022-01-12;ЦБ017619;2.0
2022-01-12;ЦБ017630;2.0
2022-01-12;ЦБ017716;2.0
2022-01-12;ЦБ017758;1.0
2022-01-12;ЦБ018726;1.0
2022-01-12;ЦБ018748;2.0
2022-01-12;ЦБ018754;1.0
2022-01-12;ЦБ018761;1.0
2022-01-12;ЦБ018936;1.0
2022-01-12;ЦБ019519;1.0
2022-01-12;ЦБ020065;1.0
2022-01-12;ЦБ020305;1.0
2022-01-12;ЦБ020525;1.0
2022-01-12;ЦБ020722;1.0
2022-01-12;ЦБ020763;1.0
2022-01-12;ЦБ020858;1.0
2022-01-12;ЦБ021366;1.0
2022-01-12;ЦБ021378;1.0
2022-01-12;ЦБ021758;1.0
2022-01-12;ЦБ021872;1.0
2022-01-12;ЦБ021966;-1.0
2022-01-12;ЦБ022449;1.0
2022-01-12;ЦБ022612;3.0
2022-01-12;ЦБ022684;1.0
2022-01-12;ЦБ022735;1.0
2022-01-12;ЦБ022876;1.0
2022-01-12;ЦБ023083;2.0
2022-01-13;00000003;35.0
2022-01-13;ЦБ000712;7.0
2022-01-13;ЦБ001267;1.0
2022-01-13;ЦБ002361;1.0
2022-01-13;ЦБ002372;1.0
2022-01-13;ЦБ002834;1.0
2022-01-13;ЦБ003109;1.0
2022-01-13;ЦБ003375;2.0
2022-01-13;ЦБ003376;1.0
2022-01-13;ЦБ006770;1.0
2022-01-13;ЦБ007338;1.0
2022-01-13;ЦБ009104;1.0
2022-01-13;ЦБ010530;1.0
2022-01-13;ЦБ011045;4.0
2022-01-13;ЦБ011181;1.0
2022-01-13;ЦБ011437;1.0
2022-01-13;ЦБ012061;3.0
2022-01-13;ЦБ013535;1.0
2022-01-13;ЦБ013697;1.0
2022-01-13;ЦБ014686;1.0
2022-01-13;ЦБ014779;1.0
2022-01-13;ЦБ015085;1.0
2022-01-13;ЦБ017803;1.0
2022-01-13;ЦБ017930;2.0
2022-01-13;ЦБ017963;1.0
2022-01-13;ЦБ018132;1.0
2022-01-13;ЦБ018315;2.0
2022-01-13;ЦБ018748;2.0
2022-01-13;ЦБ018995;1.0
2022-01-13;ЦБ019524;1.0
2022-01-13;ЦБ019584;1.0
2022-01-13;ЦБ019592;1.0
2022-01-13;ЦБ020237;1.0
2022-01-13;ЦБ020349;1.0
2022-01-13;ЦБ021084;1.0
2022-01-13;ЦБ021209;20.0
2022-01-13;ЦБ021274;1.0
2022-01-13;ЦБ021919;1.0
2022-01-13;ЦБ022817;4.0
2022-01-13;ЦБ022876;1.0
2022-01-13;ЦБ022944;1.0
2022-01-13;ЦБ023038;1.0
2022-01-13;ЦБ023055;1.0
2022-01-13;ЦБ023143;1.0
2022-01-13;ЦБ023458;1.0
2022-01-13;ЦБ023494;-1.0
2022-01-13;ЦБ023561;1.0
2022-01-13;ЦБ023592;2.0
2022-01-14;00000003;22.0
2022-01-14;ЦБ000668;2.0
2022-01-14;ЦБ001275;1.0
2022-01-14;ЦБ001741;2.0
2022-01-14;ЦБ002250;4.0
2022-01-14;ЦБ002691;4.0
2022-01-14;ЦБ002746;2.0
2022-01-14;ЦБ002747;2.0
2022-01-14;ЦБ002871;2.0
2022-01-14;ЦБ004292;1.0
2022-01-14;ЦБ004293;1.0
2022-01-14;ЦБ004405;2.0
2022-01-14;ЦБ005109;1.0
2022-01-14;ЦБ005351;2.0
2022-01-14;ЦБ005658;1.0
2022-01-14;ЦБ007244;1.0
2022-01-14;ЦБ007266;2.0
2022-01-14;ЦБ010019;1.0
2022-01-14;ЦБ011001;1.0
2022-01-14;ЦБ011227;1.0
2022-01-14;ЦБ011792;1.0
2022-01-14;ЦБ011818;2.0
2022-01-14;ЦБ012376;16.0
2022-01-14;ЦБ012614;4.0
2022-01-14;ЦБ012749;2.0
2022-01-14;ЦБ012778;2.0
2022-01-14;ЦБ012950;1.0
2022-01-14;ЦБ012952;8.0
2022-01-14;ЦБ013338;1.0
2022-01-14;ЦБ013644;1.0
2022-01-14;ЦБ015748;1.0
2022-01-14;ЦБ015751;1.0
2022-01-14;ЦБ016113;-1.0
2022-01-14;ЦБ017065;1.0
2022-01-14;ЦБ017204;2.0
2022-01-14;ЦБ017619;1.0
2022-01-14;ЦБ017630;1.0
2022-01-14;ЦБ017685;1.0
2022-01-14;ЦБ017696;2.0
2022-01-14;ЦБ018346;1.0
2022-01-14;ЦБ018419;1.0
2022-01-14;ЦБ018434;1.0
2022-01-14;ЦБ018661;1.0
2022-01-14;ЦБ018689;1.0
2022-01-14;ЦБ018737;1.0
2022-01-14;ЦБ018742;2.0
2022-01-14;ЦБ018789;4.0
2022-01-14;ЦБ018878;1.0
2022-01-14;ЦБ018971;1.0
2022-01-14;ЦБ019310;2.0
2022-01-14;ЦБ019697;2.0
2022-01-14;ЦБ019974;1.0
2022-01-14;ЦБ020000;2.0
2022-01-14;ЦБ020596;2.0
2022-01-14;ЦБ020599;2.0
2022-01-14;ЦБ020783;1.0
2022-01-14;ЦБ021242;1.0
2022-01-14;ЦБ021335;1.0
2022-01-14;ЦБ021378;1.0
2022-01-14;ЦБ021477;2.0
2022-01-14;ЦБ021520;1.0
2022-01-14;ЦБ021543;1.0
2022-01-14;ЦБ022092;1.0
2022-01-14;ЦБ022786;1.0
2022-01-14;ЦБ022803;1.0
2022-01-14;ЦБ023038;-1.0
2022-01-14;ЦБ023083;2.0
2022-01-14;ЦБ023100;1.0
2022-01-14;ЦБ023101;1.0
2022-01-15;00000003;18.0
2022-01-15;ЦБ002278;2.0
2022-01-15;ЦБ002279;1.0
2022-01-15;ЦБ002300;1.0
2022-01-15;ЦБ004924;1.0
2022-01-15;ЦБ005636;1.0
2022-01-15;ЦБ005637;1.0
2022-01-15;ЦБ006683;1.0
2022-01-15;ЦБ007282;2.0
2022-01-15;ЦБ007284;2.0
2022-01-15;ЦБ010660;1.0
2022-01-15;ЦБ010724;5.0
2022-01-15;ЦБ011238;2.0
2022-01-15;ЦБ011659;1.0
2022-01-15;ЦБ013535;2.0
2022-01-15;ЦБ014289;2.0
2022-01-15;ЦБ014459;1.0
2022-01-15;ЦБ014536;1.0
2022-01-15;ЦБ015752;1.0
2022-01-15;ЦБ017517;1.0
2022-01-15;ЦБ017819;1.0
2022-01-15;ЦБ017983;1.0
2022-01-15;ЦБ018202;1.0
2022-01-15;ЦБ018356;1.0
2022-01-15;ЦБ018404;2.0
2022-01-15;ЦБ018555;2.0
2022-01-15;ЦБ018735;1.0
2022-01-15;ЦБ018737;1.0
2022-01-15;ЦБ019259;4.0
2022-01-15;ЦБ019309;1.0
2022-01-15;ЦБ019840;1.0
2022-01-15;ЦБ020057;1.0
2022-01-15;ЦБ021419;1.0
2022-01-15;ЦБ021622;1.0
2022-01-15;ЦБ021832;1.0
2022-01-15;ЦБ021966;1.0
2022-01-15;ЦБ022385;1.0
2022-01-15;ЦБ023275;2.0
2022-01-16;00000003;28.0
2022-01-16;ЦБ000056;1.0
2022-01-16;ЦБ000711;4.0
2022-01-16;ЦБ002300;2.0
2022-01-16;ЦБ002958;2.0
2022-01-16;ЦБ003376;1.0
2022-01-16;ЦБ003388;1.0
2022-01-16;ЦБ004924;2.0
2022-01-16;ЦБ005147;1.0
2022-01-16;ЦБ005368;1.0
2022-01-16;ЦБ008586;1.0
2022-01-16;ЦБ009655;4.0
2022-01-16;ЦБ010067;1.0
2022-01-16;ЦБ010756;1.0
2022-01-16;ЦБ010781;2.0
2022-01-16;ЦБ010966;1.0
2022-01-16;ЦБ011125;1.0
2022-01-16;ЦБ011253;1.0
2022-01-16;ЦБ011387;1.0
2022-01-16;ЦБ011392;1.0
2022-01-16;ЦБ011451;1.0
2022-01-16;ЦБ011765;1.0
2022-01-16;ЦБ012376;4.0
2022-01-16;ЦБ013034;1.0
2022-01-16;ЦБ014699;1.0
2022-01-16;ЦБ014779;1.0
2022-01-16;ЦБ015753;1.0
2022-01-16;ЦБ017729;1.0
2022-01-16;ЦБ018728;1.0
2022-01-16;ЦБ018754;1.0
2022-01-16;ЦБ018759;1.0
2022-01-16;ЦБ019884;1.0
2022-01-16;ЦБ020924;1.0
2022-01-16;ЦБ020954;2.0
2022-01-16;ЦБ021298;1.0
2022-01-16;ЦБ021299;1.0
2022-01-16;ЦБ021433;1.0
2022-01-16;ЦБ022778;2.0
2022-01-16;ЦБ023055;1.0
2022-01-16;ЦБ023111;1.0
2022-01-16;ЦБ023140;1.0
2022-01-16;ЦБ023141;2.0
2022-01-16;ЦБ023237;3.0
2022-01-17;00000003;3.0
2022-01-17;00002887;1.0
2022-01-17;00002890;1.0
2022-01-17;00002891;1.0
2022-01-17;00002900;1.0
2022-01-17;ЦБ001267;1.0
2022-01-17;ЦБ002855;2.0
2022-01-17;ЦБ003092;1.0
2022-01-17;ЦБ003560;16.0
2022-01-17;ЦБ004347;1.0
2022-01-17;ЦБ004924;1.0
2022-01-17;ЦБ004935;1.0
2022-01-17;ЦБ005368;1.0
2022-01-17;ЦБ005509;1.0
2022-01-17;ЦБ005788;1.0
2022-01-17;ЦБ005926;1.0
2022-01-17;ЦБ005987;1.0
2022-01-17;ЦБ006568;1.0
2022-01-17;ЦБ006569;1.0
2022-01-17;ЦБ006738;1.0
2022-01-17;ЦБ007262;1.0
2022-01-17;ЦБ007263;1.0
2022-01-17;ЦБ007271;1.0
2022-01-17;ЦБ008260;16.0
2022-01-17;ЦБ008379;2.0
2022-01-17;ЦБ008380;1.0
2022-01-17;ЦБ008381;1.0
2022-01-17;ЦБ008382;1.0
2022-01-17;ЦБ008892;1.0
2022-01-17;ЦБ010295;1.0
2022-01-17;ЦБ011559;1.0
2022-01-17;ЦБ013697;-1.0
2022-01-17;ЦБ014894;0.0
2022-01-17;ЦБ019078;1.0
2022-01-17;ЦБ020229;1.0
2022-01-17;ЦБ020479;1.0
2022-01-17;ЦБ021084;1.0
2022-01-17;ЦБ021109;1.0
2022-01-17;ЦБ021221;1.0
2022-01-17;ЦБ021429;1.0
2022-01-17;ЦБ021648;1.0
2022-01-17;ЦБ021681;1.0
2022-01-17;ЦБ021755;1.0
2022-01-17;ЦБ022990;1.0
2022-01-17;ЦБ023200;1.0
2022-01-17;ЦБ023256;1.0
2022-01-17;ЦБ023310;0.0
2022-01-17;ЦБ023583;1.0
2022-01-18;00000003;21.0
2022-01-18;ЦБ000711;1.0
2022-01-18;ЦБ000712;1.0
2022-01-18;ЦБ001557;2.0
2022-01-18;ЦБ001559;4.0
2022-01-18;ЦБ001735;1.0
2022-01-18;ЦБ004788;1.0
2022-01-18;ЦБ004924;1.0
2022-01-18;ЦБ005018;1.0
2022-01-18;ЦБ005368;2.0
2022-01-18;ЦБ006882;1.0
2022-01-18;ЦБ006951;3.0
2022-01-18;ЦБ007293;2.0
2022-01-18;ЦБ007387;1.0
2022-01-18;ЦБ009276;1.0
2022-01-18;ЦБ010019;1.0
2022-01-18;ЦБ010535;1.0
2022-01-18;ЦБ010625;1.0
2022-01-18;ЦБ010906;1.0
2022-01-18;ЦБ010966;1.0
2022-01-18;ЦБ011127;1.0
2022-01-18;ЦБ011180;1.0
2022-01-18;ЦБ011496;2.0
2022-01-18;ЦБ011547;1.0
2022-01-18;ЦБ011603;1.0
2022-01-18;ЦБ011665;16.0
2022-01-18;ЦБ011885;1.0
2022-01-18;ЦБ012271;0.0
2022-01-18;ЦБ012376;7.0
2022-01-18;ЦБ012747;8.0
2022-01-18;ЦБ013067;1.0
2022-01-18;ЦБ013165;1.0
2022-01-18;ЦБ013166;1.0
2022-01-18;ЦБ013329;1.0
2022-01-18;ЦБ013393;1.0
2022-01-18;ЦБ013462;1.0
2022-01-18;ЦБ013510;1.0
2022-01-18;ЦБ014506;1.0
2022-01-18;ЦБ015446;1.0
2022-01-18;ЦБ015701;1.0
2022-01-18;ЦБ015969;0.0
2022-01-18;ЦБ016675;2.0
2022-01-18;ЦБ017197;1.0
2022-01-18;ЦБ017575;2.0
2022-01-18;ЦБ017883;1.0
2022-01-18;ЦБ018346;1.0
2022-01-18;ЦБ018431;1.0
2022-01-18;ЦБ018513;1.0
2022-01-18;ЦБ018724;1.0
2022-01-18;ЦБ018747;1.0
2022-01-18;ЦБ018748;1.0
2022-01-18;ЦБ018754;2.0
2022-01-18;ЦБ019590;1.0
2022-01-18;ЦБ019847;1.0
2022-01-18;ЦБ020001;1.0
2022-01-18;ЦБ020732;1.0
2022-01-18;ЦБ020796;2.0
2022-01-18;ЦБ021047;1.0
2022-01-18;ЦБ021084;2.0
2022-01-18;ЦБ021366;2.0
2022-01-18;ЦБ021788;1.0
2022-01-18;ЦБ021925;2.0
2022-01-18;ЦБ022294;1.0
2022-01-18;ЦБ022366;1.0
2022-01-18;ЦБ022535;1.0
2022-01-18;ЦБ022794;1.0
2022-01-18;ЦБ022843;1.0
2022-01-18;ЦБ022845;3.0
2022-01-18;ЦБ023473;1.0
2022-01-19;00000003;49.0
2022-01-19;00002877;1.0
2022-01-19;00002886;1.0
2022-01-19;00002893;1.0
2022-01-19;00002895;1.0
2022-01-19;00002901;1.0
2022-01-19;00002904;1.0
2022-01-19;00002905;4.0
2022-01-19;00002907;1.0
2022-01-19;ЦБ001168;1.0
2022-01-19;ЦБ001267;4.0
2022-01-19;ЦБ001275;1.0
2022-01-19;ЦБ001338;2.0
2022-01-19;ЦБ001556;6.0
2022-01-19;ЦБ002093;2.0
2022-01-19;ЦБ002096;1.0
2022-01-19;ЦБ002183;1.0
2022-01-19;ЦБ002250;4.0
2022-01-19;ЦБ002362;1.0
2022-01-19;ЦБ003450;4.0
2022-01-19;ЦБ003911;2.0
2022-01-19;ЦБ003927;4.0
2022-01-19;ЦБ003949;1.0
2022-01-19;ЦБ003952;1.0
2022-01-19;ЦБ003955;2.0
2022-01-19;ЦБ003957;1.0
2022-01-19;ЦБ003976;1.0
2022-01-19;ЦБ003982;8.0
2022-01-19;ЦБ004357;1.0
2022-01-19;ЦБ004555;1.0
2022-01-19;ЦБ005672;1.0
2022-01-19;ЦБ006272;2.0
2022-01-19;ЦБ006274;2.0
2022-01-19;ЦБ006644;2.0
2022-01-19;ЦБ006682;1.0
2022-01-19;ЦБ007244;1.0
2022-01-19;ЦБ007953;4.0
2022-01-19;ЦБ008979;4.0
2022-01-19;ЦБ008980;2.0
2022-01-19;ЦБ008981;2.0
2022-01-19;ЦБ009418;1.0
2022-01-19;ЦБ009683;4.0
2022-01-19;ЦБ010370;4.0
2022-01-19;ЦБ010625;1.0
2022-01-19;ЦБ010693;1.0
2022-01-19;ЦБ010925;1.0
2022-01-19;ЦБ010962;1.0
2022-01-19;ЦБ011001;1.0
2022-01-19;ЦБ012376;14.0
2022-01-19;ЦБ012747;2.0
2022-01-19;ЦБ012996;1.0
2022-01-19;ЦБ013212;4.0
2022-01-19;ЦБ013462;1.0
2022-01-19;ЦБ013535;2.0
2022-01-19;ЦБ013821;1.0
2022-01-19;ЦБ013876;1.0
2022-01-19;ЦБ013984;1.0
2022-01-19;ЦБ014046;1.0
2022-01-19;ЦБ014289;2.0
2022-01-19;ЦБ014699;1.0
2022-01-19;ЦБ014917;1.0
2022-01-19;ЦБ016248;1.0
2022-01-19;ЦБ016305;4.0
2022-01-19;ЦБ016308;4.0
2022-01-19;ЦБ016675;2.0
2022-01-19;ЦБ017149;1.0
2022-01-19;ЦБ017302;1.0
2022-01-19;ЦБ018208;1.0
2022-01-19;ЦБ018668;1.0
2022-01-19;ЦБ018739;1.0
2022-01-19;ЦБ018831;1.0
2022-01-19;ЦБ018971;1.0
2022-01-19;ЦБ019016;1.0
2022-01-19;ЦБ019140;1.0
2022-01-19;ЦБ019861;1.0
2022-01-19;ЦБ020024;1.0
2022-01-19;ЦБ020256;1.0
2022-01-19;ЦБ020465;1.0
2022-01-19;ЦБ020598;1.0
2022-01-19;ЦБ020599;1.0
2022-01-19;ЦБ020706;1.0
2022-01-19;ЦБ020783;2.0
2022-01-19;ЦБ020851;1.0
2022-01-19;ЦБ020858;1.0
2022-01-19;ЦБ020924;1.0
2022-01-19;ЦБ021047;1.0
2022-01-19;ЦБ021084;1.0
2022-01-19;ЦБ021195;1.0
2022-01-19;ЦБ021221;1.0
2022-01-19;ЦБ021366;1.0
2022-01-19;ЦБ021507;7.0
2022-01-19;ЦБ021788;1.0
2022-01-19;ЦБ021979;2.0
2022-01-19;ЦБ022547;1.0
2022-01-19;ЦБ022635;4.0
2022-01-19;ЦБ022764;1.0
2022-01-19;ЦБ022869;1.0
2022-01-19;ЦБ023112;1.0
2022-01-19;ЦБ023141;1.0
2022-01-19;ЦБ023142;2.0
2022-01-19;ЦБ023366;14.0
2022-01-19;ЦБ023530;1.0
2022-01-20;00000003;23.0
2022-01-20;00002910;1.0
2022-01-20;ЦБ001267;2.0
2022-01-20;ЦБ002102;1.0
2022-01-20;ЦБ003092;1.0
2022-01-20;ЦБ003305;1.0
2022-01-20;ЦБ005109;2.0
2022-01-20;ЦБ005150;1.0
2022-01-20;ЦБ006729;1.0
2022-01-20;ЦБ007170;2.0
2022-01-20;ЦБ007284;2.0
2022-01-20;ЦБ007381;1.0
2022-01-20;ЦБ007694;1.0
2022-01-20;ЦБ008087;1.0
2022-01-20;ЦБ008453;1.0
2022-01-20;ЦБ008889;1.0
2022-01-20;ЦБ008961;1.0
2022-01-20;ЦБ009169;1.0
2022-01-20;ЦБ009380;2.0
2022-01-20;ЦБ009492;1.0
2022-01-20;ЦБ009493;1.0
2022-01-20;ЦБ009703;1.0
2022-01-20;ЦБ009704;1.0
2022-01-20;ЦБ009705;1.0
2022-01-20;ЦБ010118;1.0
2022-01-20;ЦБ010480;1.0
2022-01-20;ЦБ010685;1.0
2022-01-20;ЦБ010708;1.0
2022-01-20;ЦБ011001;1.0
2022-01-20;ЦБ011198;2.0
2022-01-20;ЦБ012376;12.0
2022-01-20;ЦБ013535;3.0
2022-01-20;ЦБ013984;1.0
2022-01-20;ЦБ014456;1.0
2022-01-20;ЦБ014779;1.0
2022-01-20;ЦБ017956;15.0
2022-01-20;ЦБ017987;1.0
2022-01-20;ЦБ018235;1.0
2022-01-20;ЦБ018346;1.0
2022-01-20;ЦБ018672;1.0
2022-01-20;ЦБ018712;1.0
2022-01-20;ЦБ018738;1.0
2022-01-20;ЦБ018753;1.0
2022-01-20;ЦБ018949;1.0
2022-01-20;ЦБ018989;4.0
2022-01-20;ЦБ019094;4.0
2022-01-20;ЦБ019590;6.0
2022-01-20;ЦБ019681;1.0
2022-01-20;ЦБ019975;1.0
2022-01-20;ЦБ020244;1.0
2022-01-20;ЦБ020701;1.0
2022-01-20;ЦБ021084;1.0
2022-01-20;ЦБ021117;2.0
2022-01-20;ЦБ021788;2.0
2022-01-20;ЦБ022544;1.0
2022-01-20;ЦБ022966;1.0
2022-01-20;ЦБ023251;1.0
2022-01-20;ЦБ023286;1.0
2022-01-20;ЦБ023461;1.0
2022-01-20;ЦБ023592;1.0
2022-01-21;00000003;42.0
2022-01-21;ЦБ001267;1.0
2022-01-21;ЦБ001556;-2.0
2022-01-21;ЦБ001559;4.0
2022-01-21;ЦБ001739;2.0
2022-01-21;ЦБ002287;2.0
2022-01-21;ЦБ002304;1.0
2022-01-21;ЦБ002691;-4.0
2022-01-21;ЦБ004924;1.0
2022-01-21;ЦБ005150;1.0
2022-01-21;ЦБ005351;2.0
2022-01-21;ЦБ005891;2.0
2022-01-21;ЦБ005932;1.0
2022-01-21;ЦБ005933;1.0
2022-01-21;ЦБ006401;4.0
2022-01-21;ЦБ007245;2.0
2022-01-21;ЦБ008422;1.0
2022-01-21;ЦБ010894;1.0
2022-01-21;ЦБ011091;2.0
2022-01-21;ЦБ011399;1.0
2022-01-21;ЦБ011496;2.0
2022-01-21;ЦБ011544;1.0
2022-01-21;ЦБ011545;1.0
2022-01-21;ЦБ011790;1.0
2022-01-21;ЦБ011801;3.0
2022-01-21;ЦБ011826;1.0
2022-01-21;ЦБ012376;2.0
2022-01-21;ЦБ012749;1.0
2022-01-21;ЦБ012819;2.0
2022-01-21;ЦБ012893;1.0
2022-01-21;ЦБ012952;1.0
2022-01-21;ЦБ013535;1.0
2022-01-21;ЦБ014190;1.0
2022-01-21;ЦБ015320;2.0
2022-01-21;ЦБ015858;8.0
2022-01-21;ЦБ016083;1.0
2022-01-21;ЦБ016500;1.0
2022-01-21;ЦБ016675;2.0
2022-01-21;ЦБ017575;2.0
2022-01-21;ЦБ017696;2.0
2022-01-21;ЦБ017883;1.0
2022-01-21;ЦБ017930;4.0
2022-01-21;ЦБ018409;1.0
2022-01-21;ЦБ018689;1.0
2022-01-21;ЦБ018724;1.0
2022-01-21;ЦБ018737;1.0
2022-01-21;ЦБ018745;1.0
2022-01-21;ЦБ018754;-1.0
2022-01-21;ЦБ018788;2.0
2022-01-21;ЦБ019317;1.0
2022-01-21;ЦБ019703;4.0
2022-01-21;ЦБ019719;1.0
2022-01-21;ЦБ019720;1.0
2022-01-21;ЦБ019723;1.0
2022-01-21;ЦБ019996;1.0
2022-01-21;ЦБ020599;1.0
2022-01-21;ЦБ020783;1.0
2022-01-21;ЦБ020917;2.0
2022-01-21;ЦБ021477;1.0
2022-01-21;ЦБ021543;2.0
2022-01-21;ЦБ021875;1.0
2022-01-21;ЦБ022053;1.0
2022-01-21;ЦБ022320;1.0
2022-01-21;ЦБ022396;1.0
2022-01-21;ЦБ022539;1.0
2022-01-21;ЦБ022540;1.0
2022-01-21;ЦБ022817;4.0
2022-01-21;ЦБ023131;1.0
2022-01-21;ЦБ023142;1.0
2022-01-22;00000003;27.0
2022-01-22;ЦБ000320;2.0
2022-01-22;ЦБ000668;1.0
2022-01-22;ЦБ001267;1.0
2022-01-22;ЦБ001468;1.0
2022-01-22;ЦБ003381;1.0
2022-01-22;ЦБ006389;1.0
2022-01-22;ЦБ007244;1.0
2022-01-22;ЦБ007245;2.0
2022-01-22;ЦБ008585;1.0
2022-01-22;ЦБ009274;1.0
2022-01-22;ЦБ010174;1.0
2022-01-22;ЦБ010453;1.0
2022-01-22;ЦБ010792;2.0
2022-01-22;ЦБ011091;1.0
2022-01-22;ЦБ011478;1.0
2022-01-22;ЦБ011544;1.0
2022-01-22;ЦБ011545;1.0
2022-01-22;ЦБ011603;1.0
2022-01-22;ЦБ012747;4.0
2022-01-22;ЦБ013316;2.0
2022-01-22;ЦБ013535;2.0
2022-01-22;ЦБ014536;1.0
2022-01-22;ЦБ017204;2.0
2022-01-22;ЦБ017716;1.0
2022-01-22;ЦБ018202;1.0
2022-01-22;ЦБ018346;1.0
2022-01-22;ЦБ018409;1.0
2022-01-22;ЦБ018576;1.0
2022-01-22;ЦБ019326;5.0
2022-01-22;ЦБ020782;1.0
2022-01-22;ЦБ021335;1.0
2022-01-22;ЦБ021385;1.0
2022-01-22;ЦБ022374;16.0
